{"am_command": {"CLOCK_REALTIME": 5520.70096840593}, "am_start": {"CLOCK_REALTIME": 5521.13396840593}, "cut_0": {"CLOCK_REALTIME": 5521.429350308841, "frame_count": 166, "fps": 120.77233460500149, "total_time": 1.374486967921257}, "cut_1": {"CLOCK_REALTIME": 5523.825985884992, "frame_count": 455, "fps": 120.6537296739844, "total_time": 3.7711225440725684}, "cut_2": {"CLOCK_REALTIME": 5527.493305792799, "frame_count": 891, "fps": 119.78314086101207, "total_time": 7.438442451879382}, "cut_3": {"CLOCK_REALTIME": 5528.817608799785, "frame_count": 1051, "fps": 119.9395788607178, "total_time": 8.762745458865538}, "cut_4": {"CLOCK_REALTIME": 5536.533729234943, "frame_count": 1973, "fps": 119.72911319798904, "total_time": 16.47886589402333}, "cut_5": {"CLOCK_REALTIME": 5538.689904175932, "frame_count": 2233, "fps": 119.82801753804647, "total_time": 18.63504083501175}}